{
    "length": 90,
    "# channels": 3,
    "# active areas": 3,
    "Sensor Locations": {
        "1": 79,
        "2": 64,
        "3": 30
    },
    "Calibration Matrices": {
        "79": [
            [
                2.367154995723637,
                -1.371857305186803,
                -0.9952976905368333
            ],
            [
                0.06080368368441438,
                2.1706738808850083,
                -2.2314775645694227
            ]
        ],
        "64": [
            [
                2.8819865115001173,
                -1.9849109705653476,
                -0.8970755409347697
            ],
            [
                -0.2965948956512384,
                2.923575704371544,
                -2.6269808087203055
            ]
        ],
        "30": [
            [
                3.469074920526192,
                -1.227632438358512,
                -2.2414424821676815
            ],
            [
                0.44673919058488987,
                3.698703007245059,
                -4.145442197829949
            ]
        ]
    },
    "weights": {
        "79": 0.7743185177619273,
        "64": 0.0900952545157202,
        "30": 0.13558622772235238
    }
}