{
    "serial number": "3CH-4AA-0004",
    "length": 165.0,
    "diameter": 1.27,
    "Emod": 200000,
    "pratio": 0.29,
    "# channels": 3,
    "# active areas": 4,
    "Sensor Locations": {
        "1": 65.0,
        "2": 100.0,
        "3": 135.0,
        "4": 155.0
    },
    "Calibration Matrices": {
        "65.0": [
            [
                -3.4506840695440117,
                -0.4167089654243243,
                0.7920109573340367
            ],
            [
                -0.399844082132222,
                -3.8778739298562215,
                0.4376736683724184
            ]
        ],
        "100.0": [
            [
                -2.6946670091469347,
                -0.5095914299705182,
                0.6845325751939162
            ],
            [
                -0.268371151330671,
                -2.6217050879678565,
                0.40799570298664983
            ]
        ],
        "135.0": [
            [
                -3.160993836667413,
                -0.7711901976294568,
                0.5223757157542543
            ],
            [
                0.787244569339392,
                -2.161445024451742,
                1.8695190772911245
            ]
        ],
        "155.0": [
            [
                -6.996953544852319,
                -0.6676464551354557,
                1.6275420183723723
            ],
            [
                1.7637478048174104,
                -5.518866536676535,
                4.174782345233517
            ]
        ]
    },
    "weights": {
        "65.0": 0.2165711636585675,
        "100.0": 0.6834288349631297,
        "135.0": 0.07500000137080061,
        "155.0": 0.025000000007502278
    }
}